amfi_code,tracking_error
120505,0.2319675096004632
100033,0.22869942052083106
119094,0.23765197701108368
119598,0.2838814541332667
148567,0.1896636779215802
